product_id,name,category,price,is_perishable,box_size_used,actual_size_needed,stock_level,reorder_point,seller_id,is_authentic
P0000,leverage vertical users,Beauty,265.95,False,XL,XL,182,93,S010,False
P0001,innovate plug-and-play channels,Grocery,654.31,False,M,L,37,30,S003,True
P0002,brand frictionless vortals,Electronics,1359.92,True,M,M,416,98,S032,True
P0003,re-intermediate sticky experiences,Electronics,229.16,False,M,L,115,27,S046,True
P0004,seize 24/365 info-mediaries,Electronics,961.42,False,XL,S,101,78,S011,True
P0005,aggregate bricks-and-clicks users,Beauty,411.75,False,S,M,7,40,S008,False
P0006,mesh clicks-and-mortar deliverables,Home,432.87,False,M,S,217,84,S031,True
P0007,target turn-key platforms,Grocery,966.57,True,L,S,206,43,S010,True
P0008,embrace innovative relationships,Home,602.39,False,L,M,77,49,S036,True
P0009,deliver killer relationships,Electronics,1436.19,False,L,S,367,76,S023,True
P0010,incubate strategic schemas,Home,234.6,False,L,M,403,99,S006,True
P0011,exploit end-to-end action-items,Grocery,1347.32,False,M,M,54,92,S007,True
P0012,re-intermediate customized content,Fashion,152.11,True,L,M,303,36,S032,True
P0013,extend cross-media channels,Home,271.59,False,L,S,466,78,S024,True
P0014,aggregate ubiquitous vortals,Fashion,953.04,True,XL,S,439,50,S000,True
P0015,strategize extensible systems,Home,1643.41,False,M,M,480,83,S002,True
P0016,facilitate global infrastructures,Home,332.01,False,XL,XL,227,67,S039,True
P0017,engage turn-key ROI,Grocery,416.04,False,L,S,87,42,S027,True
P0018,enhance intuitive eyeballs,Beauty,715.23,False,S,S,9,89,S042,True
P0019,cultivate front-end web-readiness,Electronics,289.17,True,L,L,307,49,S032,True
P0020,incubate robust e-markets,Beauty,1432.47,False,S,S,433,74,S045,True
P0021,e-enable virtual markets,Fashion,1287.49,False,XL,L,289,26,S000,True
P0022,incentivize customized channels,Grocery,224.6,False,XL,M,163,94,S037,True
P0023,leverage best-of-breed portals,Grocery,597.64,True,M,M,238,31,S026,True
P0024,brand magnetic e-services,Home,1291.71,False,M,S,316,79,S037,True
P0025,drive web-enabled vortals,Electronics,428.18,False,M,S,483,71,S034,True
P0026,e-enable frictionless e-services,Grocery,901.15,False,M,S,143,46,S009,False
P0027,repurpose cross-platform schemas,Home,140.21,False,M,L,334,31,S011,False
P0028,maximize viral ROI,Grocery,849.6,False,M,L,17,32,S009,True
P0029,monetize real-time web-readiness,Electronics,231.52,False,L,M,70,91,S033,True
P0030,leverage turn-key paradigms,Electronics,1519.32,False,M,L,174,99,S023,True
P0031,synergize transparent initiatives,Electronics,450.36,True,XL,S,341,81,S027,True
P0032,reinvent 24/365 solutions,Grocery,363.53,False,XL,M,287,48,S021,True
P0033,integrate transparent action-items,Grocery,1569.52,False,L,M,298,54,S044,True
P0034,engage back-end paradigms,Home,140.16,False,XL,L,338,79,S015,True
P0035,incubate web-enabled methodologies,Fashion,503.15,False,M,S,423,48,S012,False
P0036,reinvent rich channels,Fashion,468.63,False,S,M,247,50,S035,True
P0037,brand cross-platform networks,Grocery,367.15,True,L,L,192,96,S035,True
P0038,syndicate front-end content,Grocery,2041.1,False,L,M,418,95,S042,True
P0039,synergize clicks-and-mortar infrastructures,Home,1211.01,False,L,S,324,80,S022,True
P0040,morph interactive convergence,Grocery,151.85,False,XL,M,305,21,S013,True
P0041,drive ubiquitous info-mediaries,Fashion,1102.34,False,XL,S,267,52,S031,True
P0042,empower B2C experiences,Grocery,698.43,False,L,M,203,91,S002,True
P0043,repurpose sticky ROI,Home,1948.04,True,L,XL,340,81,S026,True
P0044,utilize virtual infrastructures,Beauty,399.27,False,S,M,122,78,S018,True
P0045,engage dynamic relationships,Fashion,781.96,False,M,M,57,59,S021,True
P0046,transform interactive relationships,Electronics,654.73,False,L,M,338,68,S000,True
P0047,scale end-to-end markets,Electronics,636.99,False,L,S,446,51,S004,False
P0048,synergize interactive applications,Grocery,586.2,True,L,S,200,57,S048,True
P0049,engineer dot-com functionalities,Electronics,283.16,True,M,XL,490,98,S032,True
P0050,morph web-enabled interfaces,Fashion,1226.52,False,L,M,432,32,S018,False
P0051,aggregate sticky schemas,Fashion,579.22,False,M,S,111,73,S035,True
P0052,disintermediate dot-com e-business,Beauty,2644.96,False,L,S,127,95,S005,True
P0053,extend granular info-mediaries,Fashion,340.76,False,M,M,35,32,S014,True
P0054,deliver B2C partnerships,Grocery,1017.44,False,S,L,233,58,S035,True
P0055,whiteboard killer users,Electronics,2359.35,False,M,L,309,42,S032,True
P0056,iterate intuitive e-commerce,Electronics,970.23,True,M,S,46,33,S023,True
P0057,deliver plug-and-play architectures,Beauty,1739.05,False,XL,XL,114,36,S026,False
P0058,iterate customized convergence,Fashion,1504.8,False,S,M,415,43,S048,True
P0059,engineer rich metrics,Fashion,456.18,True,M,M,254,77,S010,True
P0060,redefine strategic bandwidth,Electronics,832.28,False,L,M,482,82,S048,True
P0061,embrace wireless vortals,Home,234.93,False,L,S,222,53,S022,True
P0062,streamline innovative convergence,Grocery,712.48,False,S,XL,123,70,S032,True
P0063,repurpose user-centric web services,Electronics,308.53,True,S,S,436,29,S040,True
P0064,revolutionize rich models,Electronics,1188.24,False,XL,S,159,91,S045,True
P0065,synergize impactful vortals,Home,699.72,False,L,L,445,40,S046,True
P0066,optimize clicks-and-mortar eyeballs,Grocery,522.77,True,M,M,420,56,S028,False
P0067,deploy dot-com paradigms,Fashion,349.45,False,L,L,95,26,S030,True
P0068,repurpose customized e-services,Grocery,5414.38,False,M,M,106,32,S000,True
P0069,expedite clicks-and-mortar channels,Grocery,158.53,False,M,M,119,99,S033,True
P0070,syndicate best-of-breed info-mediaries,Grocery,134.63,False,L,XL,100,49,S017,True
P0071,deliver B2C info-mediaries,Beauty,294.96,False,XL,S,102,50,S017,True
P0072,monetize enterprise e-services,Fashion,2933.37,False,M,L,165,24,S005,True
P0073,matrix impactful e-business,Electronics,3198.71,False,XL,S,413,51,S039,True
P0074,harness distributed schemas,Home,950.2,False,M,L,185,35,S000,True
P0075,re-contextualize real-time metrics,Grocery,1795.92,False,M,S,31,92,S046,True
P0076,synthesize front-end technologies,Fashion,291.6,False,S,M,492,41,S041,True
P0077,re-intermediate robust applications,Home,2960.64,True,M,L,65,83,S029,True
P0078,innovate virtual e-services,Home,222.25,False,XL,M,178,63,S003,True
P0079,matrix granular methodologies,Home,184.29,False,L,L,266,59,S031,True
P0080,strategize clicks-and-mortar mindshare,Home,194.22,False,S,L,442,56,S009,False
P0081,evolve integrated platforms,Home,780.02,False,XL,L,403,97,S042,True
P0082,drive plug-and-play e-markets,Fashion,1313.85,True,XL,XL,36,35,S004,True
P0083,benchmark intuitive experiences,Grocery,464.41,False,L,M,200,62,S008,True
P0084,unleash seamless infrastructures,Grocery,3148.6,False,XL,S,357,82,S004,False
P0085,deploy customized portals,Fashion,554.92,True,M,S,48,34,S010,True
P0086,empower compelling infrastructures,Electronics,229.44,False,XL,S,274,63,S034,True
P0087,envisioneer efficient portals,Home,600.84,False,L,S,438,28,S026,False
P0088,generate scalable architectures,Fashion,1008.14,False,XL,M,167,84,S003,True
P0089,utilize real-time bandwidth,Home,1527.11,False,L,S,262,63,S009,True
P0090,disintermediate cutting-edge ROI,Electronics,590.13,False,M,S,132,39,S038,True
P0091,incentivize world-class infrastructures,Electronics,819.35,False,L,S,494,89,S032,True
P0092,facilitate cross-media bandwidth,Beauty,347.86,False,M,L,297,93,S037,True
P0093,matrix extensible eyeballs,Fashion,929.58,False,M,M,343,52,S007,True
P0094,streamline plug-and-play users,Grocery,3512.36,False,M,M,175,99,S048,True
P0095,benchmark bleeding-edge bandwidth,Beauty,139.24,False,XL,L,488,25,S023,True
P0096,aggregate transparent synergies,Electronics,1839.98,False,M,S,390,50,S038,True
P0097,visualize one-to-one experiences,Electronics,759.95,False,L,XL,10,85,S032,True
P0098,cultivate dynamic infrastructures,Fashion,331.39,False,M,M,200,37,S040,True
P0099,benchmark vertical infrastructures,Electronics,2577.92,False,XL,S,432,47,S042,True
P0100,aggregate global info-mediaries,Grocery,627.32,False,M,M,413,87,S018,True
P0101,deploy turn-key content,Fashion,421.4,True,L,L,296,84,S001,True
P0102,extend robust users,Electronics,259.22,True,XL,M,2,99,S010,True
P0103,orchestrate ubiquitous systems,Beauty,323.25,False,L,L,213,64,S034,True
P0104,unleash transparent content,Electronics,1530.09,False,M,S,295,77,S016,True
P0105,whiteboard viral mindshare,Electronics,861.38,False,L,S,306,66,S041,True
P0106,empower value-added e-tailers,Fashion,2054.74,True,XL,S,467,85,S002,True
P0107,productize interactive portals,Home,310.14,False,L,S,31,71,S021,True
P0108,synergize e-business vortals,Home,202.3,False,M,S,47,55,S034,True
P0109,incubate wireless solutions,Grocery,103.88,False,XL,XL,326,20,S020,True
P0110,disintermediate 24/7 infrastructures,Fashion,666.2,False,M,S,251,58,S024,True
P0111,exploit synergistic architectures,Fashion,5203.97,True,L,M,198,94,S038,True
P0112,revolutionize end-to-end e-markets,Beauty,1048.86,False,XL,M,403,20,S001,True
P0113,innovate cross-platform methodologies,Grocery,393.99,True,M,L,88,94,S000,True
P0114,incentivize ubiquitous action-items,Home,1774.54,False,L,XL,108,93,S006,True
P0115,orchestrate bricks-and-clicks niches,Electronics,1316.59,False,L,L,290,33,S019,True
P0116,orchestrate transparent solutions,Electronics,111.43,False,XL,XL,107,97,S042,True
P0117,leverage front-end e-markets,Grocery,1457.01,False,M,L,407,90,S005,True
P0118,whiteboard one-to-one web-readiness,Grocery,384.94,False,L,XL,39,42,S035,True
P0119,deploy virtual mindshare,Grocery,228.71,False,XL,L,460,62,S020,True
P0120,innovate frictionless vortals,Grocery,304.29,False,S,S,51,41,S045,True
P0121,utilize ubiquitous platforms,Home,604.76,False,M,M,111,79,S034,True
P0122,iterate viral portals,Beauty,541.52,False,XL,M,294,46,S035,True
P0123,synthesize impactful bandwidth,Home,371.74,False,M,M,67,75,S007,True
P0124,revolutionize strategic applications,Home,250.2,True,XL,S,188,21,S049,True
P0125,deliver turn-key e-business,Grocery,1248.16,True,M,M,331,58,S003,True
P0126,mesh cross-platform info-mediaries,Fashion,3791.97,False,M,XL,208,70,S042,True
P0127,incentivize bleeding-edge eyeballs,Electronics,1302.31,True,L,S,64,38,S015,True
P0128,revolutionize enterprise e-tailers,Beauty,379.71,True,L,L,61,81,S002,True
P0129,mesh B2C action-items,Beauty,323.63,True,L,L,464,90,S006,True
P0130,exploit extensible e-business,Home,295.38,False,L,XL,257,95,S001,True
P0131,syndicate bleeding-edge bandwidth,Electronics,216.59,False,XL,XL,133,86,S000,False
P0132,visualize compelling functionalities,Fashion,740.18,False,M,L,491,82,S000,True
P0133,evolve B2C platforms,Grocery,842.91,True,L,M,121,24,S037,True
P0134,redefine viral solutions,Electronics,1076.99,False,M,S,330,91,S006,False
P0135,integrate world-class e-commerce,Fashion,1011.08,False,L,M,170,97,S023,True
P0136,integrate plug-and-play relationships,Fashion,375.63,False,M,L,209,80,S004,True
P0137,benchmark customized web services,Grocery,419.75,False,M,L,295,90,S020,True
P0138,revolutionize e-business info-mediaries,Electronics,1014.34,False,L,L,88,26,S027,True
P0139,engineer impactful architectures,Home,442.95,False,S,S,166,69,S017,True
P0140,utilize turn-key metrics,Fashion,290.24,True,S,M,27,65,S023,False
P0141,morph rich metrics,Home,474.15,True,L,S,237,91,S031,False
P0142,extend e-business niches,Beauty,353.06,True,L,S,335,95,S044,True
P0143,orchestrate open-source vortals,Fashion,172.97,False,XL,S,62,93,S032,True
P0144,harness dot-com experiences,Electronics,1517.22,True,L,S,447,33,S009,True
P0145,matrix innovative methodologies,Electronics,1633.46,False,S,L,254,92,S008,True
P0146,synergize bleeding-edge paradigms,Beauty,297.51,True,L,S,395,88,S048,True
P0147,orchestrate killer infrastructures,Electronics,152.57,False,S,S,40,84,S032,True
P0148,e-enable viral mindshare,Fashion,1173.06,False,L,XL,499,84,S032,True
P0149,embrace global portals,Beauty,289.13,False,XL,M,28,76,S006,False
P0150,target rich info-mediaries,Fashion,498.96,False,L,S,278,81,S003,False
P0151,engage strategic users,Electronics,152.03,True,L,S,468,39,S027,True
P0152,strategize back-end methodologies,Grocery,304.23,False,M,S,79,94,S022,True
P0153,embrace front-end schemas,Home,1358.65,True,L,S,50,45,S031,False
P0154,enhance viral schemas,Electronics,1404.33,False,XL,S,111,63,S043,True
P0155,e-enable back-end portals,Electronics,284.63,False,M,M,360,86,S015,True
P0156,incubate dynamic supply-chains,Home,426.47,True,M,S,300,89,S045,True
P0157,seize dot-com niches,Electronics,214.32,True,L,M,89,81,S009,False
P0158,leverage intuitive systems,Home,160.65,False,L,L,228,64,S013,True
P0159,integrate seamless bandwidth,Electronics,3979.01,False,M,M,149,30,S038,True
P0160,productize mission-critical supply-chains,Home,951.75,False,XL,XL,242,91,S035,True
P0161,target world-class synergies,Fashion,723.88,False,S,M,137,93,S033,False
P0162,scale viral methodologies,Home,1259.23,False,M,M,134,53,S023,True
P0163,revolutionize cutting-edge markets,Fashion,1565.45,True,L,L,456,65,S017,True
P0164,iterate dynamic experiences,Grocery,1413.87,False,M,S,88,51,S015,True
P0165,evolve efficient platforms,Electronics,112.34,True,L,S,493,94,S040,False
P0166,matrix front-end functionalities,Fashion,264.43,False,M,M,14,24,S036,True
P0167,enable turn-key paradigms,Grocery,950.15,False,S,M,332,82,S040,True
P0168,evolve virtual content,Beauty,475.98,True,M,L,361,48,S024,False
P0169,mesh frictionless bandwidth,Home,3334.65,False,XL,XL,173,67,S007,True
P0170,whiteboard bleeding-edge paradigms,Fashion,974.87,False,L,M,89,35,S023,True
P0171,synergize plug-and-play mindshare,Home,2607.9,False,L,M,212,44,S019,False
P0172,expedite transparent functionalities,Fashion,278.96,True,M,M,342,91,S047,True
P0173,deliver intuitive systems,Home,1694.83,True,L,XL,60,48,S029,True
P0174,strategize wireless channels,Home,409.12,False,L,L,363,71,S019,True
P0175,monetize efficient users,Fashion,3749.06,False,XL,XL,219,65,S017,True
P0176,empower turn-key interfaces,Home,236.28,False,L,S,60,44,S003,True
P0177,evolve plug-and-play e-services,Grocery,680.1,True,L,L,306,42,S047,True
P0178,matrix bleeding-edge web-readiness,Fashion,1358.43,False,S,S,165,53,S035,False
P0179,repurpose distributed users,Grocery,552.41,False,L,S,11,86,S005,True
P0180,generate e-business relationships,Electronics,604.02,False,L,XL,215,53,S002,True
P0181,innovate cutting-edge systems,Grocery,3534.55,False,XL,S,76,51,S017,True
P0182,incubate enterprise web-readiness,Electronics,542.14,False,M,XL,231,48,S046,True
P0183,architect transparent platforms,Electronics,840.22,False,M,S,111,28,S039,True
P0184,enable visionary infrastructures,Fashion,143.87,False,L,L,65,85,S017,True
P0185,syndicate enterprise paradigms,Beauty,1576.19,False,M,S,181,76,S022,True
P0186,utilize dynamic synergies,Home,934.68,False,M,M,422,58,S034,True
P0187,optimize next-generation infrastructures,Home,513.04,False,XL,S,203,26,S005,True
P0188,generate compelling partnerships,Fashion,112.04,False,L,M,422,88,S025,True
P0189,innovate holistic schemas,Electronics,815.54,True,XL,S,370,27,S020,True
P0190,whiteboard value-added markets,Grocery,109.19,True,XL,M,205,37,S023,True
P0191,scale killer niches,Beauty,99.96,True,M,S,285,68,S014,False
P0192,drive bleeding-edge e-services,Fashion,864.9,True,L,S,104,35,S026,True
P0193,disintermediate global interfaces,Fashion,266.61,False,S,S,241,40,S031,True
P0194,embrace viral technologies,Beauty,269.44,False,XL,M,234,29,S011,True
P0195,strategize leading-edge mindshare,Fashion,946.37,False,L,L,175,23,S004,True
P0196,productize innovative methodologies,Grocery,143.15,False,M,L,210,63,S006,True
P0197,brand frictionless mindshare,Beauty,399.81,True,M,S,30,27,S021,True
P0198,utilize integrated relationships,Home,228.48,True,L,M,234,74,S026,True
P0199,unleash killer platforms,Beauty,793.34,False,M,L,241,38,S014,True
P0200,enhance value-added e-business,Fashion,966.21,False,M,S,490,83,S038,True
P0201,morph bleeding-edge convergence,Home,1120.62,False,L,M,152,59,S044,True
P0202,matrix visionary convergence,Beauty,334.75,False,XL,M,195,70,S034,False
P0203,enhance compelling technologies,Fashion,173.79,False,M,S,497,28,S025,True
P0204,utilize scalable convergence,Grocery,164.56,False,L,S,434,49,S022,True
P0205,scale viral solutions,Fashion,543.31,False,XL,S,268,75,S012,True
P0206,embrace revolutionary e-markets,Grocery,2431.72,False,S,M,483,63,S025,False
P0207,integrate value-added eyeballs,Beauty,295.44,False,XL,S,446,78,S002,True
P0208,generate leading-edge content,Grocery,336.37,False,M,S,383,34,S028,True
P0209,aggregate ubiquitous methodologies,Electronics,184.08,False,L,S,169,87,S001,True
P0210,engineer open-source convergence,Fashion,843.25,True,L,S,437,89,S027,True
P0211,engage leading-edge eyeballs,Home,1010.23,False,L,S,356,80,S022,True
P0212,synergize out-of-the-box architectures,Grocery,922.86,False,XL,XL,322,99,S035,True
P0213,iterate real-time deliverables,Electronics,1678.38,False,M,S,335,42,S048,True
P0214,visualize back-end e-tailers,Fashion,632.09,False,M,M,473,96,S005,True
P0215,transform open-source supply-chains,Fashion,214.52,False,L,M,231,66,S010,True
P0216,deliver intuitive convergence,Grocery,372.32,False,XL,M,183,36,S037,True
P0217,architect virtual content,Grocery,967.79,False,M,M,358,76,S033,True
P0218,embrace rich e-markets,Grocery,858.72,True,XL,S,274,73,S016,True
P0219,synthesize open-source content,Beauty,704.73,False,M,L,429,71,S002,True
P0220,engage transparent niches,Grocery,1017.99,False,M,M,398,41,S043,True
P0221,revolutionize user-centric communities,Fashion,910.54,True,L,L,31,58,S045,True
P0222,expedite dot-com solutions,Electronics,1804.09,False,S,M,176,32,S033,False
P0223,architect visionary systems,Beauty,804.54,False,L,XL,404,97,S021,True
P0224,repurpose revolutionary functionalities,Home,1305.23,False,S,L,64,85,S028,True
P0225,syndicate B2B web-readiness,Grocery,327.77,False,M,XL,197,71,S028,True
P0226,synthesize holistic supply-chains,Beauty,1006.02,True,L,M,26,33,S004,False
P0227,revolutionize best-of-breed functionalities,Grocery,1958.82,False,L,M,150,92,S009,True
P0228,revolutionize magnetic schemas,Home,488.86,False,L,L,302,93,S009,True
P0229,embrace 24/365 synergies,Fashion,1307.05,False,L,L,478,82,S008,True
P0230,strategize interactive networks,Fashion,1131.17,False,M,XL,267,90,S020,True
P0231,embrace mission-critical supply-chains,Home,148.1,False,L,S,84,47,S012,False
P0232,engage e-business mindshare,Home,795.88,False,XL,L,499,65,S009,True
P0233,seize intuitive bandwidth,Fashion,210.58,False,XL,S,65,47,S037,False
P0234,reinvent best-of-breed solutions,Beauty,2835.77,False,M,M,132,21,S010,True
P0235,re-intermediate bleeding-edge infrastructures,Fashion,1433.53,False,S,S,392,36,S003,True
P0236,implement leading-edge supply-chains,Electronics,191.98,True,XL,S,403,78,S045,True
P0237,benchmark plug-and-play convergence,Home,202.86,False,L,XL,365,71,S030,True
P0238,embrace bricks-and-clicks communities,Fashion,821.06,False,L,S,81,23,S048,True
P0239,embrace sticky e-markets,Home,437.36,False,L,M,380,96,S033,True
P0240,enhance scalable solutions,Electronics,127.42,False,M,M,318,22,S041,False
P0241,e-enable e-business bandwidth,Beauty,723.08,False,L,S,469,56,S034,False
P0242,redefine leading-edge ROI,Electronics,491.62,False,XL,S,327,43,S038,True
P0243,re-contextualize front-end models,Grocery,184.25,False,L,M,97,91,S038,True
P0244,reinvent B2B platforms,Beauty,1394.27,False,M,S,72,54,S032,True
P0245,re-contextualize visionary solutions,Grocery,2071.81,True,M,L,326,21,S007,True
P0246,exploit leading-edge action-items,Electronics,1229.42,False,M,XL,29,52,S031,True
P0247,synergize customized users,Fashion,1481.68,False,L,S,124,95,S032,True
P0248,embrace customized e-markets,Electronics,294.18,True,M,S,209,96,S007,False
P0249,synthesize sticky web services,Fashion,343.76,True,S,M,474,29,S045,True
P0250,mesh bleeding-edge schemas,Grocery,286.09,False,XL,L,271,81,S013,True
P0251,mesh value-added solutions,Beauty,1257.75,False,M,S,212,62,S033,True
P0252,iterate cross-media synergies,Grocery,2462.93,False,S,S,132,88,S007,True
P0253,incubate extensible synergies,Beauty,1108.39,False,M,M,156,78,S041,True
P0254,utilize granular metrics,Fashion,1805.05,True,M,XL,46,28,S006,True
P0255,facilitate next-generation web services,Fashion,913.44,False,L,M,356,96,S012,False
P0256,extend out-of-the-box methodologies,Electronics,491.37,True,XL,M,362,79,S020,True
P0257,re-intermediate efficient e-markets,Grocery,542.77,True,XL,XL,381,82,S046,True
P0258,harness enterprise interfaces,Grocery,161.65,False,L,M,21,71,S031,True
P0259,mesh virtual infrastructures,Electronics,124.57,False,L,L,461,42,S010,True
P0260,engineer enterprise interfaces,Electronics,1050.2,True,L,M,440,49,S013,True
P0261,facilitate holistic users,Home,560.61,True,M,XL,82,62,S010,True
P0262,expedite front-end paradigms,Grocery,741.75,False,S,M,418,87,S001,True
P0263,transform open-source models,Grocery,751.54,False,XL,L,471,40,S033,True
P0264,grow strategic platforms,Fashion,358.89,True,M,M,233,62,S043,True
P0265,optimize proactive info-mediaries,Fashion,615.85,False,M,L,59,92,S046,True
P0266,optimize innovative functionalities,Home,608.05,True,L,S,453,26,S016,False
P0267,repurpose enterprise functionalities,Grocery,492.38,False,L,S,187,35,S013,True
P0268,transition interactive communities,Fashion,1473.85,False,S,L,57,42,S024,True
P0269,target scalable bandwidth,Grocery,578.96,False,M,S,258,77,S047,True
P0270,synergize transparent initiatives,Grocery,839.36,False,M,M,161,50,S026,False
P0271,morph interactive bandwidth,Fashion,1906.01,False,L,S,300,88,S007,True
P0272,deploy extensible e-services,Fashion,1708.33,False,M,L,305,25,S016,True
P0273,evolve world-class info-mediaries,Electronics,1867.9,True,L,S,1,84,S004,True
P0274,scale B2B paradigms,Electronics,350.77,True,L,L,270,78,S011,False
P0275,deliver seamless schemas,Grocery,127.49,False,XL,M,420,47,S037,True
P0276,optimize bleeding-edge schemas,Fashion,341.04,True,M,S,142,37,S017,True
P0277,target extensible deliverables,Grocery,360.37,False,M,M,187,96,S025,False
P0278,transition compelling info-mediaries,Home,2019.69,False,L,S,351,29,S030,True
P0279,monetize 24/7 partnerships,Electronics,937.13,False,L,S,340,26,S036,True
P0280,embrace killer paradigms,Beauty,167.19,False,M,M,447,56,S005,True
P0281,syndicate holistic niches,Grocery,215.37,False,L,S,464,64,S040,True
P0282,e-enable seamless portals,Grocery,234.38,False,S,XL,481,35,S014,True
P0283,brand extensible infrastructures,Grocery,895.31,True,S,S,223,33,S041,False
P0284,reinvent bleeding-edge experiences,Fashion,1162.67,False,L,M,497,30,S048,True
P0285,streamline intuitive experiences,Beauty,1669.86,True,M,M,366,53,S025,True
P0286,re-intermediate plug-and-play synergies,Beauty,2358.26,True,XL,M,179,79,S011,True
P0287,utilize bleeding-edge interfaces,Home,279.22,False,L,M,22,32,S040,False
P0288,redefine extensible markets,Fashion,395.59,True,L,M,354,58,S046,True
P0289,implement dynamic functionalities,Home,318.89,True,L,L,36,63,S013,True
P0290,disintermediate real-time models,Fashion,454.48,True,L,M,106,47,S000,True
P0291,deploy real-time e-tailers,Home,2067.94,False,S,S,296,59,S016,True
P0292,grow customized schemas,Grocery,783.74,False,XL,M,228,35,S032,True
P0293,monetize B2C convergence,Beauty,1171.11,True,XL,S,312,69,S028,True
P0294,brand sticky interfaces,Grocery,637.86,False,M,S,96,47,S044,True
P0295,strategize distributed e-tailers,Fashion,122.43,True,M,M,280,87,S030,True
P0296,generate B2B niches,Fashion,152.08,False,M,M,109,79,S007,True
P0297,whiteboard global web services,Electronics,716.62,False,L,M,36,31,S029,True
P0298,re-intermediate impactful systems,Electronics,1113.92,False,L,L,39,35,S012,True
P0299,morph holistic deliverables,Fashion,292.99,False,XL,S,84,72,S015,True
P0300,implement plug-and-play infrastructures,Grocery,1122.85,False,L,S,301,73,S001,True
P0301,transition impactful info-mediaries,Grocery,1430.39,True,L,S,187,68,S044,True
P0302,reinvent dot-com paradigms,Electronics,523.68,False,L,M,239,55,S017,True
P0303,redefine cross-media communities,Home,1196.66,True,L,M,357,81,S034,True
P0304,transition B2B e-markets,Grocery,513.05,False,L,S,487,45,S044,True
P0305,re-intermediate innovative metrics,Home,1006.43,False,L,L,353,75,S018,True
P0306,harness robust solutions,Grocery,1254.13,False,L,M,18,41,S012,True
P0307,repurpose revolutionary info-mediaries,Electronics,3954.35,True,L,M,346,92,S003,True
P0308,incubate strategic info-mediaries,Beauty,437.98,True,L,M,392,88,S018,True
P0309,brand back-end methodologies,Grocery,522.52,False,L,M,324,68,S049,True
P0310,drive e-business models,Electronics,243.85,False,L,M,260,21,S024,True
P0311,leverage B2C technologies,Electronics,281.6,False,L,S,472,72,S037,True
P0312,matrix integrated metrics,Electronics,1044.76,False,L,S,409,26,S030,False
P0313,incentivize holistic eyeballs,Fashion,2090.57,False,L,S,402,96,S035,True
P0314,architect bricks-and-clicks architectures,Fashion,500.5,False,L,M,157,39,S003,True
P0315,incentivize transparent action-items,Beauty,257.61,True,M,L,483,49,S038,True
P0316,deploy granular bandwidth,Electronics,367.49,True,S,M,303,94,S006,False
P0317,optimize front-end action-items,Grocery,584.65,False,L,S,111,86,S015,False
P0318,synthesize compelling functionalities,Beauty,373.73,True,L,L,143,78,S047,True
P0319,innovate revolutionary experiences,Fashion,311.82,True,XL,L,255,85,S004,True
P0320,whiteboard strategic vortals,Electronics,1164.4,True,M,L,454,22,S046,True
P0321,cultivate clicks-and-mortar technologies,Electronics,105.3,True,M,M,17,75,S022,True
P0322,exploit intuitive eyeballs,Fashion,718.89,False,M,L,183,98,S035,True
P0323,envisioneer front-end technologies,Electronics,1362.0,True,S,S,404,36,S031,True
P0324,re-intermediate dot-com initiatives,Fashion,346.65,False,L,S,286,71,S023,False
P0325,matrix seamless schemas,Grocery,838.64,False,M,S,384,26,S024,True
P0326,embrace compelling convergence,Beauty,983.27,False,L,L,130,24,S044,True
P0327,synergize world-class relationships,Fashion,950.43,True,L,S,478,73,S027,True
P0328,seize transparent vortals,Fashion,571.26,False,L,M,280,80,S018,True
P0329,revolutionize cross-media e-tailers,Grocery,439.43,True,XL,M,244,35,S006,True
P0330,architect bleeding-edge communities,Home,1544.94,False,L,S,7,86,S043,True
P0331,visualize clicks-and-mortar channels,Grocery,1235.53,True,M,L,192,78,S040,True
P0332,re-contextualize sticky paradigms,Beauty,409.01,False,XL,S,317,66,S016,True
P0333,redefine end-to-end relationships,Fashion,185.98,False,XL,M,390,67,S001,False
P0334,utilize integrated applications,Fashion,158.61,False,M,L,6,83,S015,True
P0335,facilitate wireless paradigms,Home,178.22,False,S,S,135,69,S038,True
P0336,engage e-business eyeballs,Electronics,798.48,False,S,M,18,60,S017,True
P0337,engineer bricks-and-clicks technologies,Home,141.44,False,M,L,400,91,S038,True
P0338,reinvent ubiquitous communities,Grocery,427.7,True,XL,XL,138,41,S000,True
P0339,re-contextualize enterprise e-business,Grocery,1218.34,False,L,L,366,73,S002,True
P0340,facilitate intuitive deliverables,Electronics,377.91,False,M,S,488,24,S020,True
P0341,innovate killer web-readiness,Grocery,1251.8,False,XL,M,176,36,S029,True
P0342,re-contextualize vertical supply-chains,Beauty,1193.66,False,L,S,10,97,S010,False
P0343,harness web-enabled interfaces,Electronics,324.71,False,M,S,485,60,S021,True
P0344,utilize proactive infrastructures,Fashion,1142.98,True,XL,S,40,54,S046,True
P0345,expedite magnetic portals,Home,1200.95,True,XL,S,445,59,S024,True
P0346,engineer proactive metrics,Beauty,504.27,True,XL,L,113,41,S002,True
P0347,drive granular methodologies,Fashion,288.0,True,L,S,179,67,S029,True
P0348,cultivate web-enabled convergence,Electronics,688.3,False,L,M,193,72,S023,True
P0349,innovate rich systems,Grocery,2133.68,False,M,M,195,29,S044,True
P0350,evolve cutting-edge networks,Grocery,915.47,True,L,M,497,37,S035,True
P0351,generate synergistic info-mediaries,Grocery,250.89,False,XL,XL,347,99,S022,True
P0352,maximize wireless e-tailers,Beauty,1017.47,False,M,S,224,68,S007,True
P0353,monetize visionary solutions,Fashion,544.78,False,L,M,330,90,S003,True
P0354,transform mission-critical action-items,Beauty,815.27,False,L,M,322,49,S049,True
P0355,whiteboard impactful models,Fashion,1158.6,False,S,S,423,38,S038,True
P0356,envisioneer one-to-one eyeballs,Home,677.8,True,L,M,260,74,S042,True
P0357,incubate back-end web-readiness,Beauty,1444.54,False,M,L,115,79,S030,True
P0358,incubate innovative interfaces,Fashion,1123.56,False,L,S,468,91,S028,True
P0359,morph virtual applications,Fashion,862.76,False,S,S,149,40,S035,False
P0360,engage web-enabled channels,Grocery,229.76,False,XL,S,117,45,S012,True
P0361,integrate 24/365 applications,Electronics,1545.06,False,M,L,164,47,S040,True
P0362,repurpose clicks-and-mortar bandwidth,Fashion,2296.92,False,M,L,251,58,S008,True
P0363,expedite dot-com models,Grocery,216.84,True,M,M,266,52,S020,True
P0364,aggregate robust applications,Fashion,634.92,True,XL,M,43,59,S002,True
P0365,grow killer channels,Grocery,338.68,False,L,L,469,48,S024,True
P0366,grow strategic communities,Electronics,1222.64,False,L,L,488,39,S024,True
P0367,unleash wireless models,Grocery,1122.04,False,L,L,180,39,S011,True
P0368,leverage turn-key experiences,Electronics,220.48,False,L,L,76,93,S028,True
P0369,mesh viral web-readiness,Electronics,1775.63,False,M,M,373,31,S010,True
P0370,syndicate dynamic convergence,Home,258.71,False,L,M,115,44,S010,True
P0371,enable intuitive info-mediaries,Beauty,1375.66,False,M,L,444,44,S048,True
P0372,incubate revolutionary e-services,Fashion,587.49,True,XL,XL,66,23,S025,False
P0373,re-intermediate customized eyeballs,Fashion,417.32,False,L,S,12,23,S013,True
P0374,revolutionize collaborative networks,Grocery,236.81,False,L,S,91,28,S015,True
P0375,seize 24/365 functionalities,Beauty,245.77,True,M,XL,245,34,S009,True
P0376,architect turn-key e-tailers,Home,966.51,True,L,S,266,45,S030,True
P0377,cultivate customized supply-chains,Home,738.57,False,M,L,138,98,S030,True
P0378,utilize bricks-and-clicks action-items,Grocery,203.16,True,M,M,340,90,S035,False
P0379,synthesize 24/365 schemas,Fashion,194.66,False,M,S,243,51,S009,True
P0380,iterate impactful communities,Beauty,159.05,False,L,S,340,95,S025,True
P0381,empower scalable architectures,Grocery,1188.34,False,L,S,390,71,S019,True
P0382,aggregate visionary web services,Electronics,1094.51,False,M,S,272,51,S043,True
P0383,reinvent seamless content,Fashion,147.17,False,S,M,303,28,S008,True
P0384,expedite impactful networks,Electronics,756.28,False,L,L,397,97,S014,True
P0385,transition killer bandwidth,Electronics,169.78,False,L,XL,190,32,S008,True
P0386,reinvent intuitive applications,Electronics,1971.61,False,M,M,447,75,S006,False
P0387,engineer intuitive deliverables,Beauty,2000.14,False,M,M,96,63,S025,True
P0388,generate holistic mindshare,Grocery,1057.48,False,XL,M,330,49,S023,True
P0389,synthesize dot-com interfaces,Beauty,2184.0,True,XL,M,204,35,S011,True
P0390,repurpose sticky synergies,Fashion,1433.73,False,XL,M,448,31,S019,True
P0391,redefine extensible solutions,Electronics,1509.72,False,XL,S,417,93,S013,True
P0392,morph ubiquitous e-business,Beauty,773.63,True,M,S,136,85,S021,True
P0393,transition global networks,Fashion,391.29,False,M,S,76,37,S015,True
P0394,deploy next-generation experiences,Grocery,295.51,True,M,S,383,32,S028,True
P0395,integrate sticky methodologies,Home,416.05,False,M,L,36,43,S031,True
P0396,disintermediate back-end systems,Electronics,891.16,False,XL,S,285,31,S018,True
P0397,morph virtual supply-chains,Fashion,250.63,True,L,L,424,79,S034,True
P0398,enable transparent eyeballs,Beauty,338.42,False,L,XL,428,79,S042,True
P0399,extend bricks-and-clicks partnerships,Home,603.98,False,M,XL,484,20,S031,True
P0400,mesh killer relationships,Grocery,311.27,True,XL,XL,302,62,S019,True
P0401,revolutionize frictionless methodologies,Home,809.64,False,XL,S,134,74,S039,True
P0402,enhance B2B solutions,Fashion,2151.99,False,M,M,141,59,S019,True
P0403,benchmark real-time infrastructures,Home,1201.94,False,XL,S,253,83,S007,True
P0404,aggregate strategic models,Electronics,977.31,True,M,L,47,53,S034,True
P0405,engineer B2C architectures,Electronics,798.2,True,S,L,254,53,S041,False
P0406,re-contextualize plug-and-play networks,Home,634.46,True,L,L,133,67,S012,True
P0407,redefine viral web services,Home,264.19,False,L,M,289,52,S040,False
P0408,utilize open-source portals,Electronics,1899.83,False,S,L,207,87,S005,True
P0409,embrace granular partnerships,Electronics,327.59,False,M,S,498,49,S046,False
P0410,engineer cross-platform technologies,Electronics,175.6,False,XL,S,100,98,S015,True
P0411,deploy e-business action-items,Electronics,1208.08,True,L,L,483,90,S004,True
P0412,syndicate turn-key networks,Fashion,253.49,False,L,M,45,90,S044,False
P0413,implement enterprise e-tailers,Home,471.04,False,M,XL,442,48,S033,True
P0414,re-intermediate seamless methodologies,Grocery,121.95,False,S,S,69,42,S005,True
P0415,re-contextualize dynamic experiences,Grocery,216.94,False,M,L,135,53,S032,True
P0416,deliver compelling content,Grocery,251.16,False,M,M,279,34,S014,True
P0417,visualize B2B interfaces,Beauty,143.76,False,M,L,66,72,S014,True
P0418,reinvent cutting-edge mindshare,Grocery,954.22,True,M,L,3,36,S013,True
P0419,transition magnetic e-markets,Beauty,1550.24,False,L,XL,223,83,S038,True
P0420,benchmark frictionless functionalities,Fashion,472.85,True,M,S,0,80,S004,True
P0421,deploy cross-platform convergence,Beauty,1759.85,False,XL,XL,289,76,S025,False
P0422,optimize transparent communities,Beauty,290.97,True,M,S,108,96,S047,True
P0423,enable efficient methodologies,Grocery,413.9,True,L,S,264,56,S016,True
P0424,engage intuitive initiatives,Home,229.71,False,S,M,62,26,S042,True
P0425,unleash next-generation channels,Fashion,874.25,False,L,L,459,27,S046,False
P0426,incentivize global bandwidth,Grocery,534.6,False,S,M,265,97,S015,True
P0427,innovate world-class content,Electronics,859.05,False,XL,L,137,87,S034,True
P0428,re-contextualize one-to-one solutions,Grocery,1246.3,False,L,L,433,40,S037,True
P0429,embrace user-centric technologies,Fashion,730.2,False,L,S,43,80,S022,True
P0430,redefine mission-critical applications,Electronics,889.29,True,S,XL,373,93,S012,True
P0431,morph innovative ROI,Fashion,2288.78,False,L,S,431,99,S032,True
P0432,syndicate e-business portals,Grocery,383.27,False,L,L,470,94,S028,True
P0433,seize synergistic e-services,Electronics,454.99,False,M,S,261,48,S045,True
P0434,engage revolutionary initiatives,Home,1110.84,True,L,M,215,44,S033,True
P0435,maximize cross-media applications,Electronics,854.97,False,XL,M,120,77,S033,True
P0436,utilize strategic info-mediaries,Home,256.33,True,L,S,151,33,S026,True
P0437,incentivize real-time portals,Grocery,476.47,False,XL,M,212,97,S014,True
P0438,benchmark killer functionalities,Fashion,603.65,False,XL,S,233,85,S049,True
P0439,synergize best-of-breed paradigms,Fashion,533.94,False,XL,S,350,73,S008,True
P0440,synthesize value-added platforms,Grocery,256.08,False,L,S,110,96,S025,True
P0441,seize real-time networks,Grocery,2165.16,False,L,M,441,86,S002,False
P0442,innovate ubiquitous vortals,Grocery,1248.46,False,L,L,360,49,S035,True
P0443,transform revolutionary channels,Fashion,624.23,False,L,M,319,37,S046,True
P0444,benchmark bleeding-edge systems,Beauty,1010.7,False,XL,L,221,73,S004,True
P0445,exploit B2C e-commerce,Home,1919.62,True,S,M,439,40,S019,True
P0446,scale impactful info-mediaries,Fashion,216.11,False,M,M,225,72,S019,True
P0447,architect killer e-business,Fashion,329.54,True,M,M,209,35,S004,True
P0448,streamline dot-com schemas,Fashion,724.93,False,M,M,395,47,S009,True
P0449,implement web-enabled experiences,Grocery,1382.6,False,M,M,418,23,S015,True
P0450,brand dynamic eyeballs,Grocery,128.54,False,L,S,70,74,S024,True
P0451,repurpose web-enabled web services,Fashion,3408.04,False,S,L,488,34,S043,True
P0452,seize virtual eyeballs,Electronics,584.44,False,L,L,359,83,S024,True
P0453,strategize synergistic architectures,Electronics,455.07,True,L,S,88,84,S029,True
P0454,productize vertical e-services,Fashion,376.07,False,M,L,261,35,S013,True
P0455,strategize one-to-one supply-chains,Fashion,252.27,True,M,S,448,39,S021,True
P0456,incubate cross-media paradigms,Home,1353.54,False,L,S,365,83,S042,False
P0457,mesh 24/365 eyeballs,Beauty,2587.27,True,L,S,463,52,S027,True
P0458,reinvent holistic platforms,Fashion,526.06,False,XL,L,187,88,S029,False
P0459,seize enterprise users,Home,2535.29,True,XL,L,111,88,S018,True
P0460,aggregate transparent experiences,Beauty,1487.9,False,XL,L,451,77,S037,True
P0461,maximize compelling vortals,Beauty,623.76,False,L,S,412,58,S041,False
P0462,repurpose value-added schemas,Electronics,995.75,False,XL,M,421,96,S019,True
P0463,orchestrate customized content,Fashion,555.72,True,XL,L,238,55,S034,True
P0464,re-contextualize wireless users,Home,753.47,False,XL,S,475,87,S021,False
P0465,incubate web-enabled ROI,Beauty,146.84,True,S,M,255,40,S014,True
P0466,monetize B2B content,Fashion,1052.28,False,XL,S,149,82,S010,True
P0467,expedite magnetic methodologies,Grocery,142.42,False,L,S,126,25,S033,False
P0468,disintermediate transparent initiatives,Home,1457.99,False,L,M,391,43,S023,True
P0469,disintermediate strategic paradigms,Fashion,1493.13,False,M,M,318,72,S005,True
P0470,disintermediate bricks-and-clicks e-commerce,Beauty,315.48,False,M,S,479,95,S016,True
P0471,engage back-end communities,Home,411.85,False,M,S,480,97,S027,True
P0472,utilize world-class e-markets,Electronics,624.16,False,M,S,396,69,S049,True
P0473,expedite web-enabled web-readiness,Grocery,825.39,False,M,S,410,31,S030,True
P0474,streamline leading-edge content,Grocery,370.02,False,XL,S,401,75,S035,True
P0475,facilitate bricks-and-clicks action-items,Grocery,817.14,False,S,M,273,34,S008,True
P0476,morph web-enabled partnerships,Fashion,381.81,True,M,M,332,59,S009,False
P0477,target out-of-the-box platforms,Fashion,144.67,False,M,M,469,60,S020,True
P0478,deploy visionary solutions,Grocery,101.02,False,L,L,445,88,S033,True
P0479,repurpose global supply-chains,Fashion,184.31,True,M,L,397,88,S030,True
P0480,e-enable B2B schemas,Fashion,1356.14,True,M,S,138,25,S028,True
P0481,mesh rich relationships,Electronics,2703.25,False,L,S,102,86,S042,False
P0482,engineer cross-media functionalities,Electronics,544.45,False,L,L,241,52,S042,True
P0483,iterate sticky initiatives,Home,674.07,False,M,S,116,62,S010,True
P0484,maximize plug-and-play solutions,Fashion,226.05,False,M,S,213,40,S032,True
P0485,synthesize visionary convergence,Home,739.64,False,M,S,483,84,S045,True
P0486,enable viral technologies,Electronics,224.0,False,XL,M,16,36,S000,True
P0487,re-contextualize real-time web services,Beauty,854.78,False,M,M,178,27,S020,True
P0488,orchestrate real-time web services,Fashion,2264.54,False,L,XL,223,83,S022,True
P0489,e-enable value-added relationships,Grocery,273.22,True,M,L,269,47,S008,True
P0490,envisioneer revolutionary architectures,Grocery,1256.05,False,L,M,489,32,S000,True
P0491,architect 24/365 channels,Electronics,118.03,False,S,M,312,32,S020,True
P0492,enhance robust channels,Home,475.64,False,S,S,348,57,S021,True
P0493,revolutionize value-added models,Electronics,192.9,False,L,S,133,44,S003,True
P0494,revolutionize killer niches,Grocery,446.68,True,M,S,113,81,S000,True
P0495,integrate clicks-and-mortar e-markets,Home,251.48,False,M,S,440,42,S009,False
P0496,syndicate magnetic deliverables,Home,472.84,False,L,S,131,40,S014,True
P0497,enable user-centric interfaces,Home,531.37,False,XL,S,138,73,S035,True
P0498,maximize back-end schemas,Fashion,385.02,False,M,S,364,82,S028,True
P0499,grow wireless infrastructures,Electronics,954.14,False,L,XL,231,49,S045,True
